"","x"
"1","0001-Informazioni cronologiche"
"2","0002-Nome utente"
"3","0003-Codice  tecnico"
"4","0004-1. Sede aziendale (Sigla della Provincia)"
"5","0005-2.	Cosa produce e commercializza la sua azienda?"
"6","0005_Api regine-"
"7","0005_Cera-"
"8","0005_impollinazione-"
"9","0005_Miele-"
"10","0005_Nuclei-"
"11","0005_Pappa reale-"
"12","0005_Polline-"
"13","0005_Propoli-"
"14","0005_Servizi didattici-"
"15","0006-3.	Provincia/e ove sono dislocati i suoi apiari"
"16","0006_001 | Torino-"
"17","0006_002 | Vercelli-"
"18","0006_003 | Novara-"
"19","0006_004 | Cuneo-"
"20","0006_005 | Asti-"
"21","0006_006 | Alessandria-"
"22","0006_009 | Savona-"
"23","0006_010 | Genova-"
"24","0006_011 | La Spezia-"
"25","0006_012 | Varese-"
"26","0006_015 | Milano-"
"27","0006_017 | Brescia-"
"28","0006_018 | Pavia-"
"29","0006_020 | Mantova-"
"30","0006_023 | Verona-"
"31","0006_024 | Vicenza-"
"32","0006_036 | Modena-"
"33","0006_037 | Bologna-"
"34","0006_038 | Ferrara-"
"35","0006_042 | Ancona-"
"36","0006_043 | Macerata-"
"37","0006_044 | Ascoli Piceno-"
"38","0006_047 | Pistoia-"
"39","0006_048 | Firenze-"
"40","0006_050 | Pisa-"
"41","0006_051 | Arezzo-"
"42","0006_052 | Siena-"
"43","0006_053 | Grosseto-"
"44","0006_055 | Terni-"
"45","0006_056 | Viterbo-"
"46","0006_057 | Rieti-"
"47","0006_058 | Roma-"
"48","0006_059 | Latina-"
"49","0006_060 | Frosinone-"
"50","0006_066 | L'Aquila-"
"51","0006_067 | Teramo-"
"52","0006_076 | Potenza-"
"53","0006_077 | Matera-"
"54","0006_080 | Reggio di Calabria-"
"55","0006_096 | Biella-"
"56","0006_097 | Lecco-"
"57","0006_100 | Prato-"
"58","0006_102 | Vibo Valentia-"
"59","0006_103 | Verbano-Cusio-Ossola-"
"60","0006_109 | Fermo-"
"61","0007-4.	Numero di colonie vive al 1 aprile 2018"
"62","0008-5.	Relativamente alla domanda 4: Quante colonie, tra queste erano ancora vive il 1 ottobre 2018?"
"63","0009-6. Tra il 1 aprile 2018 ed il 1 ottobre 2018: Quante colonie ha acquistato ?"
"64","0010-7. Tra il 1 aprile 2018 ed il 1 ottobre 2018: Quante colonie ha creato ?"
"65","0011-8. Tra il 1 aprile 2018 ed il 1 ottobre 2018: Quante colonie ha ceduto?"
"66","0012-9. Tra il 1 aprile 2018 ed il 1 ottobre 2018: Ha riunito delle famiglie?"
"67","0013-9a: Quante colonie ha riunito?"
"68","0014-9b: Quante famiglie finali ha ottenuto?"
"69","0015-10.	Quante colonie vive aveva il 1 ottobre 2018?"
"70","0016-11. Tra il 1 ottobre 2018 ed il 1 aprile 2019: quante colonie ha acquistato?"
"71","0017-12. Tra il 1 ottobre 2018 ed il 1 aprile 2019: quante colonie ha creato?"
"72","0018-13. Tra il 1 ottobre 2018 ed il 1 aprile 2019: quante colonie ha ceduto?"
"73","0019-14. Tra il 1 ottobre 2018 ed il 1 aprile 2019: ha riunito delle famiglie?"
"74","0020-14a. Quante colonie ha riunito?"
"75","0021-14b. Quante famiglie finali ha ottenuto?"
"76","0022-15. Quante famiglie vive (che hanno superato l'inverno, riunite o acquistate) possedeva al 1 aprile 2019"
"77","0023-16. Relativamente alla domanda 10: Quante colonie, tra queste erano ancora vive il 1 aprile 2019?"
"78","0024-17. Di quanti alveari è costituito, mediamente il suo apiario/apiari?"
"79","0025-18. Effettua nomadismo?"
"80","0026-18a. Se stanziale: in quanti apiari sono allevate le sue famiglie di api"
"81","0027-19a. Se effettua nomadismo: in quanti apiari sono allevate le sue famiglie nel periodo estivo?"
"82","0028-19b. Se effettua nomadismo: in quanti apiari sono allevate le sue famiglie nel periodo invernale?"
"83","0029-20. Quale percentuale di perdita invernale considera accettabile?"
"84","0030-21. Le perdite invernali di alveari sono state maggiori rispetto all'anno precedente?"
"85","0031-22. Secondo la sua esperienza, quali sono state le maggiori cause di mortalità durante lo scorso inverno (Selezionare tutte le cause plausibili)."
"86","0031_Decesso della ape regina-"
"87","0031_Disastri naturali (alluvioni/ trombe d'aria…)-"
"88","0031_Famiglia debole all'invernamento-"
"89","0031_Morte per fame-"
"90","0031_Non ho avuto perdite invernali-"
"91","0031_Nosema spp-"
"92","0031_Pesticidi-"
"93","0031_Trattamenti acaricidi per la varroa-"
"94","0031_Varroa-"
"95","0032-23. Secondo la sua esperienza, quali sono state le maggiori cause di mortalità durante la scorsa stagione apistica (Selezionare tutte le cause plausibili)."
"96","0032_Decesso della ape regina-"
"97","0032_Disastri naturali (alluvioni/ trombe d'aria…)-"
"98","0032_Morte per fame-"
"99","0032_Non conosco la causa-"
"100","0032_Non ho avuto perdite durante la scorsa stagione apistica-"
"101","0032_Nosema spp-"
"102","0032_Peste-"
"103","0032_Pesticidi-"
"104","0032_ritorni di freddo, gelate tardive-"
"105","0032_Trattamenti acaricidi per la varroa-"
"106","0032_Varroa-"
"107","0033-24. Si sospettano avvelenamenti da pesticidi nella precedente stagione apistica?"
"108","0034-24a. Se si sospetta un avvelenamento da pesticidi nella precedente stagione apistica: indichi la percentuale di alveari morti o spopolati in primavera"
"109","0035-24b. Se si sospetta un avvelenamento da pesticidi nella precedente stagione apistica: indichi la percentuale di alveari morti o spopolati in estate"
"110","0036-24c. Se si sospetta un avvelenamento da pesticidi nella precedente stagione apistica: indichi la percentuale di alveari morti o spopolati in autunno"
"111","0037-24d. Se si sospetta un avvelenamento da pesticidi nella precedente stagione apistica: indichi la percentuale di alveari morti o spopolati in inverno"
"112","0038-25. Interventi realizzati in caso di sospetto avvelenamento da pesticidi"
"113","0039-26. Quanti apiari sono stati interessati da mortalità o spopolamenti causati da pesticidi?"
"114","0040-27. Nei pressi (2 km di raggio) degli apiari interessati dai fenomeni sono presenti coltivazioni agricole?"
"115","0041-27a. Quali coltivazioni c'erano nei dintorni degli apiari interessati da fenomeni di avvelenamento?"
"116","0041_Altri cereali-"
"117","0041_Colza-"
"118","0041_Colza, soia, erba medica, prati stabili-"
"119","0041_Erba medica-"
"120","0041_Erba medica, soia-"
"121","0041_Fruttiferi-"
"122","0041_girasole, ulivi-"
"123","0041_Mais-"
"124","0041_meloni, ulivi-"
"125","0041_nocciole-"
"126","0041_noccioleti-"
"127","0041_oliveti-"
"128","0041_Orticole-"
"129","0041_Vigneti-"
"130","0042-28. Lei ritiene che la alimentazione artificiale degli alveari comporti dei vantaggi?"
"131","0043-29. Quali vantaggi comporta la nutrizione?"
"132","0043_accelera l'accrescimento delle famiglie in primavera-"
"133","0043_Aumenta la produzione di miele e degli altri prodotti dell'alveare-"
"134","0043_Aumenta le difese immunitarie delle api-"
"135","0043_Mantiene le famiglie forti-"
"136","0043_Per sostenere colonie a cui ho asportato covata-"
"137","0043_permette di rendere produttive le famiglie più piccole di numerosità-"
"138","0043_Previene la perdita delle colonie di api-"
"139","0043_Riduce lo stress alle api-"
"140","0043_stimolante per la ovodeposizione-"
"141","0044-30. Lei ritiene che la alimentazione artificiale comporti degli svantaggi?"
"142","0045-30b. Lei ritiene che la alimentazione artificiale comporti degli svantaggi: quali?"
"143","0045_Accelera l'invecchiamento delle api alimentate-"
"144","0045_Costo della alimentazione non commisurato ai benefici-"
"145","0045_Extra lavoro per apicoltore-"
"146","0045_le famiglie non si uniformano all'ambiente circostante  e la regina ricomincia a deporre-"
"147","0045_Prodotti alimentari estranei nel miele-"
"148","0045_Può causare turbe digestive-"
"149","0045_Stress per le api-"
"150","0046-31. Ritiene che ci siano prodotti commerciali sul mercato soddisfacenti?"
"151","0047-31a. Perché ritiene non soddisfacenti i prodotti commerciali sul mercato?"
"152","0047_Inadeguati al fabbisogno alimentare delle api-"
"153","0047_Insicuri dal punto di vista igienico o per la possibile presenza di contaminanti ambientali-"
"154","0047_Inutili-"
"155","0047_normativa miele biologico-"
"156","0047_Troppo cari-"
"157","0048-32. TRA IL 1 APRILE 2018 E IL 1 APRILE 2019:                                                                      Ha somministrato un supplemento o integratore alimentare ad alcune delle sue famiglie di api?"
"158","0049-33.a TRA IL 1 APRILE 2018 E IL 1 APRILE 2019: ha somministrato supplemento proteico commerciale ad alcune o a tutte le sue colonie di api?"
"159","0050-33a.1 Nome del prodotto commerciale"
"160","0051-33a.2 in quale mese è stato somministrato agli alveari"
"161","0051_Marzo-"
"162","0051_Ottobre-"
"163","0052-33a.3 Percentuale di colonie alimentate (tra 1 e 100%) rispetto al totale aziendale"
"164","0053-33a.4 Dose somministrata (g)"
"165","0054-33a.6 Numero di somministrazioni per alveare nei 12 mesi"
"166","0055-33a.7 Questo quantitativo somministrato, rispetto al quantitativo somministrato negli stessi mesi dell'anno precedente, è stato:"
"167","0056-33a.8 Quali sono  le ragioni per cui ha somministrato tale alimento?"
"168","0057-33.a.9 Note"
"169","0058-33.a TRA IL 1 APRILE 2018 E IL 1 APRILE 2019: ha somministrato polline ad alcune o a tutte le sue colonie di api?"
"170","0059-33a.1 Tipo di polline"
"171","0060-33a.2 Mesi in cui è stato somministrato"
"172","0061-33a.3 Percentuale di colonie alimentate (tra 1 e 100%) rispetto al totale aziendale_1"
"173","0062-33a.4 Dose somministrata (g)_1"
"174","0063-33a.6 Numero di somministrazioni per alveare nei 12 mesi_1"
"175","0064-33a.7 Questo quantitativo somministrato, rispetto al quantitativo somministrato negli stessi mesi dell'anno precedente, è stato:_1"
"176","0065-33a.8 Quali sono  le ragioni per cui ha somministrato tale alimento?_1"
"177","0066-33.a TRA IL 1 APRILE 2018 E IL 1 APRILE 2019: ha somministrato favi con polline ad alcune o a tutte le sue colonie di api?"
"178","0067-33a.2 Mesi in cui è stato somministrato_1"
"179","0067_Marzo-"
"180","0067_Novembre-"
"181","0068-33a.3 Percentuale di colonie alimentate (tra 1 e 100%) rispetto al totale aziendale_2"
"182","0069-33a.4 Dose somministrata (g)_2"
"183","0070-33a.6 Numero di somministrazioni per alveare nei 12 mesi_2"
"184","0071-33a.7 Questo quantitativo somministrato, rispetto al quantitativo somministrato negli stessi mesi dell'anno precedente, è stato:_2"
"185","0072-33a.8 Quali sono  le ragioni per cui ha somministrato tale alimento?_2"
"186","0072_Alimentazione precoce (durante le 4-6 settimane precedenti allo stress): per aumentare la fitness degli alveari nel superare dei periodi di stress elevati (trattamenti fitosanitari delle colture/ trattamenti acaricidi/ periodi prolungati di assenza di raccolto… altro)-"
"187","0072_Per preparare le famiglie all'invernamento (per allevare api invernali)-"
"188","0073-33.a TRA IL 1 APRILE 2018 E IL 1 APRILE 2019: ha somministrato polline e sciroppo ad alcune o a tutte le sue colonie di api?"
"189","0074-Percentuale di polline nello sciroppo"
"190","0075-33a.2 Mesi in cui è stato somministrato_2"
"191","0075_Marzo-"
"192","0075_Ottobre-"
"193","0075_Settembre-"
"194","0076-33a.3 Percentuale di colonie alimentate (tra 1 e 100%) rispetto al totale aziendale_3"
"195","0077-33a.4 Dose somministrata (g)_3"
"196","0078-33a.5 Concentrazione di zucchero impiegata nello sciroppo (% di sostanza secca)"
"197","0079-33a.6 Numero di somministrazioni per alveare nei 12 mesi_3"
"198","0080-33a.7 Questo quantitativo somministrato, rispetto al quantitativo somministrato negli stessi mesi dell'anno precedente, è stato:_3"
"199","0081-33a.8 Quali sono  le ragioni per cui ha somministrato tale alimento?_3"
"200","0082-33.a TRA IL 1 APRILE 2018 E IL 1 APRILE 2019: ha somministrato un supplemento proteico artigianale ad alcune o a tutte le sue colonie di api?"
"201","0083-Ingredienti (con %)"
"202","0084-33a.2 Mesi in cui è stato somministrato_3"
"203","0084_Febbraio-"
"204","0084_Gennaio 19-"
"205","0085-33a.3 Percentuale di colonie alimentate (tra 1 e 100%) rispetto al totale aziendale_4"
"206","0086-33a.4 Dose somministrata (g)_4"
"207","0087-33a.6 Numero di somministrazioni per alveare nei 12 mesi_4"
"208","0088-33a.7 Questo quantitativo somministrato, rispetto al quantitativo somministrato negli stessi mesi dell'anno precedente, è stato:_4"
"209","0089-33a.8 Quali sono  le ragioni per cui ha somministrato tale alimento?_4"
"210","0090-33.a TRA IL 1 APRILE 2018 E IL 1 APRILE 2019: ha somministrato favi con miele ad alcune o a tutte le sue colonie di api?"
"211","0091-33a.2 Mesi in cui è stato somministrato_4"
"212","0091_Febbraio-"
"213","0091_Gennaio 19-"
"214","0091_Marzo-"
"215","0092-33a.3 Percentuale di colonie alimentate (tra 1 e 100%) rispetto al totale aziendale_5"
"216","0093-33a.4 Dose somministrata (g)_5"
"217","0094-33a.6 Numero di somministrazioni per alveare nei 12 mesi_5"
"218","0095-33a.7 Questo quantitativo somministrato, rispetto al quantitativo somministrato negli stessi mesi dell'anno precedente, è stato:_5"
"219","0096-33a.8 Quali sono  le ragioni per cui ha somministrato tale alimento?_5"
"220","0096_Accelerare la ripresa primaverile-"
"221","0096_Alimentazione di soccorso: in periodi in cui le risorse trofiche ambientali scarseggiano-"
"222","0096_Alimentazione precoce (durante le 4-6 settimane precedenti allo stress): per aumentare la fitness degli alveari nel superare dei periodi di stress elevati (trattamenti fitosanitari delle colture/ trattamenti acaricidi/ periodi prolungati di assenza di raccolto… altro)-"
"223","0097-33.a TRA IL 1 APRILE 2018 E IL 1 APRILE 2019: ha somministrato miele smielato ad alcune o a tutte le sue colonie di api?"
"224","0098-33a.2 Mesi in cui è stato somministrato_5"
"225","0099-33a.3 Percentuale di colonie alimentate (tra 1 e 100%) rispetto al totale aziendale_6"
"226","0100-33a.4 Dose somministrata (g)_6"
"227","0101-33a.6 Numero di somministrazioni per alveare nei 12 mesi_6"
"228","0102-33a.7 Questo quantitativo somministrato, rispetto al quantitativo somministrato negli stessi mesi dell'anno precedente, è stato:_6"
"229","0103-33a.8 Quali sono  le ragioni per cui ha somministrato tale alimento?_6"
"230","0104-33.a TRA IL 1 APRILE 2018 E IL 1 APRILE 2019: ha somministrato sciroppo zuccherino artigianale (glucosio, saccarosio ed acqua…) ad alcune o a tutte le sue colonie di api?"
"231","0105-33a.2 Mesi in cui è stato somministrato_6"
"232","0105_Agosto-"
"233","0105_Aprile 18-"
"234","0105_Febbraio-"
"235","0105_Giugno-"
"236","0105_Luglio-"
"237","0105_Maggio-"
"238","0105_Marzo-"
"239","0105_Novembre-"
"240","0105_Ottobre-"
"241","0105_Settembre-"
"242","0106-33a.3 Percentuale di colonie alimentate (tra 1 e 100%) rispetto al totale aziendale_7"
"243","0107-33a.4 Dose somministrata (g)_7"
"244","0108-33a.5 Concentrazione di zucchero impiegata (% di sostanza secca)"
"245","0109-33a.6 Numero di somministrazioni per alveare nei 12 mesi_7"
"246","0110-33a.7 Questo quantitativo somministrato, rispetto al quantitativo somministrato negli stessi mesi dell'anno precedente, è stato:_7"
"247","0111-33a.8 Quali sono  le ragioni per cui ha somministrato tale alimento?_7"
"248","0111_Accelerare la ripresa primaverile-"
"249","0111_Alimentazione di soccorso: in periodi in cui le risorse trofiche ambientali scarseggiano-"
"250","0111_Alimentazione precoce (durante le 4-6 settimane precedenti allo stress): per aumentare la fitness degli alveari nel superare dei periodi di stress elevati (trattamenti fitosanitari delle colture/ trattamenti acaricidi/ periodi prolungati di assenza di raccolto… altro)-"
"251","0111_Allevamento di celle reali e produzione di pappa reale-"
"252","0111_Per preparare le famiglie all'invernamento (per allevare api invernali)-"
"253","0112-33a.9 Note"
"254","0113-33.a TRA IL 1 APRILE 2018 E IL 1 APRILE 2019: ha somministrato sciroppo zuccherino industriale ad alcune o a tutte le sue colonie di api?"
"255","0114-33a.1 Nome del prodotto commerciale_1"
"256","0115-33a.2 Mesi in cui è stato somministrato_7"
"257","0115_Agosto-"
"258","0115_Aprile 18-"
"259","0115_Dicembre-"
"260","0115_Febbraio-"
"261","0115_Gennaio 19-"
"262","0115_Marzo-"
"263","0115_Novembre-"
"264","0115_Ottobre-"
"265","0115_Settembre-"
"266","0116-33a.3 Percentuale di colonie alimentate (tra 1 e 100%) rispetto al totale aziendale_8"
"267","0117-33a.4 Dose somministrata (g)_8"
"268","0118-33a.5 Concentrazione di zucchero impiegata (% di sostanza secca)_1"
"269","0119-33a.6 Numero di somministrazioni per alveare nei 12 mesi_8"
"270","0120-33a.7 Questo quantitativo somministrato, rispetto al quantitativo somministrato negli stessi mesi dell'anno precedente, è stato:_8"
"271","0121-33a.8 Quali sono  le ragioni per cui ha somministrato tale alimento?_8"
"272","0121_Accelerare la ripresa primaverile-"
"273","0121_Alimentazione di soccorso: in periodi in cui le risorse trofiche ambientali scarseggiano-"
"274","0121_Allevamento di celle reali e produzione di pappa reale-"
"275","0121_Per preparare le famiglie all'invernamento (per allevare api invernali)-"
"276","0122-33a.9 Note_1"
"277","0123-33.a TRA IL 1 APRILE 2018 E IL 1 APRILE 2019: ha somministrato zucchero tal quale ad alcune o a tutte le sue colonie di api?"
"278","0124-33a.2 Mesi in cui è stato somministrato_8"
"279","0125-33a.3 Percentuale di colonie alimentate (tra 1 e 100%) rispetto al totale aziendale_9"
"280","0126-33a.4 Dose somministrata (g)_9"
"281","0127-33a.6 Numero di somministrazioni per alveare nei 12 mesi_9"
"282","0128-33a.7 Questo quantitativo somministrato, rispetto al quantitativo somministrato negli stessi mesi dell'anno precedente, è stato:_9"
"283","0129-33a.8 Quali sono  le ragioni per cui ha somministrato tale alimento?_9"
"284","0130-33.a TRA IL 1 APRILE 2018 E IL 1 APRILE 2019: ha somministrato candito zuccherino ad alcune o a tutte le sue colonie di api?"
"285","0131-33a.1 Produzione artigianale e/o prodotto del commercio (indicare quale/i in altro)"
"286","0132-33a.2 Mesi in cui è stato somministrato_9"
"287","0132_Agosto-"
"288","0132_Aprile (anno precedente)-"
"289","0132_Dicembre-"
"290","0132_Febbraio-"
"291","0132_Gennaio (anno corrente)-"
"292","0132_Marzo (anno corrente)-"
"293","0132_Novembre-"
"294","0132_Ottobre-"
"295","0132_Settembre-"
"296","0133-33a.3 Percentuale di colonie alimentate (tra 1 e 100%) rispetto al totale aziendale_10"
"297","0134-33a.4 Dose somministrata (g)_10"
"298","0135-33a.6 Numero di somministrazioni per alveare nei 12 mesi_10"
"299","0136-33a.7 Questo quantitativo somministrato, rispetto al quantitativo somministrato negli stessi mesi dell'anno precedente, è stato:_10"
"300","0137-33a.8 Quali sono  le ragioni per cui ha somministrato tale alimento?_10"
"301","0137_Accelerare la ripresa primaverile-"
"302","0137_Alimentazione di soccorso: in periodi in cui le risorse trofiche ambientali scarseggiano-"
"303","0137_Per preparare le famiglie all'invernamento (per allevare api invernali)-"
"304","0138-33.a TRA IL 1 APRILE 2018 E IL 1 APRILE 2019: ha somministrato polpette di oli vegetali artigianali ad alcune o a tutte le sue colonie di api?"
"305","0139-33a.1 Ingredienti (indicare se possibile le percentuali)"
"306","0140-33a.2 Mesi in cui è stato somministrato_10"
"307","0141-33a.3 Percentuale di colonie alimentate (tra 1 e 100%) rispetto al totale aziendale_11"
"308","0142-33a.4 Dose somministrata (g)_11"
"309","0143-33a.6 Numero di somministrazioni per alveare nei 12 mesi_11"
"310","0144-33a.7 Questo quantitativo somministrato, rispetto al quantitativo somministrato negli stessi mesi dell'anno precedente, è stato:_11"
"311","0145-33a.8 Quali sono  le ragioni per cui ha somministrato tale alimento?_11"
"312","0146-33.a TRA IL 1 APRILE 2018 E IL 1 APRILE 2019: ha somministrato pre/probiotici: specificare quale prodotto commerciale ad alcune o a tutte le sue colonie di api?"
"313","0147-33a.1 Nome del prodotto commerciale_2"
"314","0148-33a.2 Mesi in cui è stato somministrato_11"
"315","0149-33a.3 Percentuale di colonie alimentate (tra 1 e 100%) rispetto al totale aziendale_12"
"316","0150-33a.4 Dose somministrata (g)_12"
"317","0151-33a.6 Numero di somministrazioni per alveare nei 12 mesi_12"
"318","0152-33a.7 Questo quantitativo somministrato, rispetto al quantitativo somministrato negli stessi mesi dell'anno precedente, è stato:_12"
"319","0153-33a.8 Quali sono  le ragioni per cui ha somministrato tale alimento?_12"
"320","0154-33.a TRA IL 1 APRILE 2018 E IL 1 APRILE 2019: ha somministrato integratore di oli essenziali in sciroppo zuccherino (VitaFeed green/gold, Honey-B-Healty, qHive Alive...) ad alcune o a tutte le sue colonie di api?"
"321","0155-33a.1 Nome del prodotto commerciale_3"
"322","0156-33a.2 Mesi in cui è stato somministrato_12"
"323","0156_Febbraio-"
"324","0156_Marzo-"
"325","0157-33a.3 Percentuale di colonie alimentate (tra 1 e 100%) rispetto al totale aziendale_13"
"326","0158-33a.4 Dose somministrata (g)_13"
"327","0159-33a.5 Concentrazione di zucchero impiegata (% di sostanza secca)_2"
"328","0160-33a.6 Numero di somministrazioni per alveare nei 12 mesi_13"
"329","0161-33a.7 Questo quantitativo somministrato, rispetto al quantitativo somministrato negli stessi mesi dell'anno precedente, è stato:_13"
"330","0162-33a.8 Quali sono  le ragioni per cui ha somministrato tale alimento?_13"
"331","0163-33.a TRA IL 1 APRILE 2018 E IL 1 APRILE 2019: ha somministrato un integratore di oli essenziali in candito (LaFore, Wintergreen) ad alcune o a tutte le sue colonie di api?"
"332","0164-33a.1 Nome del prodotto commerciale_4"
"333","0165-33a.2 Mesi in cui è stato somministrato_13"
"334","0166-33a.3 Percentuale di colonie alimentate (tra 1 e 100%) rispetto al totale aziendale_14"
"335","0167-33a.4 Dose somministrata (g)_14"
"336","0168-33a.6 Numero di somministrazioni per alveare nei 12 mesi_14"
"337","0169-33a.7 Questo quantitativo somministrato, rispetto al quantitativo somministrato negli stessi mesi dell'anno precedente, è stato:_14"
"338","0170-33a.8 Quali sono  le ragioni per cui ha somministrato tale alimento?_14"
"339","0171-33.a TRA IL 1 APRILE 2018 E IL 1 APRILE 2019: ha somministrato altri tipi di alimenti ad alcune o a tutte le sue colonie di api?"
"340","0172-33a.1 Ingredienti (%)"
"341","0173-33a.2 Mesi in cui è stato somministrato_14"
"342","0173_Agosto-"
"343","0173_Febbraio-"
"344","0173_Luglio-"
"345","0173_Marzo-"
"346","0174-33a.3 Percentuale di colonie alimentate (tra 1 e 100%) rispetto al totale aziendale_15"
"347","0175-33a.4 Dose somministrata (g)_15"
"348","0176-33a.6 Numero di somministrazioni per alveare nei 12 mesi_15"
"349","0177-33a.7 Questo quantitativo somministrato, rispetto al quantitativo somministrato negli stessi mesi dell'anno precedente, è stato:_15"
"350","0178-33a.8 Quali sono  le ragioni per cui ha somministrato tale alimento?_15"
"351","0179-35. Quali sono  le ragioni per cui alimenta le sue famiglie di api?"
"352","0179_Accelerare la ripresa primaverile-"
"353","0179_Alimentazione di soccorso: in periodi in cui le risorse trofiche ambientali scarseggiano-"
"354","0179_Alimentazione precoce (durante le 4-6 settimane precedenti allo stress): per aumentare la fitness degli alveari nel superare dei periodi di stress elevati (trattamenti fitosanitari delle colture/ trattamenti acaricidi/ periodi prolungati di assenza di raccolto… altro)-"
"355","0179_Allevamento di celle reali e produzione di pappa reale-"
"356","0179_Per preparare le famiglie all'invernamento (per allevare api invernali)-"
"357","0179_Stimolare le famiglie-"
"358","0180-36. Realizza una alimentazione di supporto precoce?"
"359","0181-36. Per quante settimane di seguito realizza l'alimentazione di supporto precoce?"
"360","0182-37. A quanto ammonta la spesa da lei sostenuta per la alimentazione supplementare proteica e zuccherina?"
"361","0183-38. A quanto ammonta la spesa da lei sostenuta per la alimentazione supplementare a base di integratori e/o probiotici?"
"362","0184-39. Nella stagione produttiva, quanti favi di scorte sono presenti negli alveari?"
"363","0185-40. Nel periodo pre invernamento, quanti favi di scorte sono presenti negli alveari?"
"364","0186-41. Preleva polline dalle sue api?"
"365","0187-41 bis In che mesi dell'anno raccoglie polline?"
"366","0187_Aprile-"
"367","0187_Giugno-"
"368","0187_Luglio-"
"369","0187_Maggio-"
"370","0187_Ottobre-"
"371","0187_Settembre-"
"372","0188-42. In quali mesi ritiene che gli alveari patiscano la carenza di polline?"
"373","0188_Agosto-"
"374","0188_Aprile-"
"375","0188_Dicembre-"
"376","0188_Febbraio-"
"377","0188_Gennaio-"
"378","0188_Giugno-"
"379","0188_Luglio-"
"380","0188_Maggio-"
"381","0188_Marzo-"
"382","0188_Novembre-"
"383","0188_Ottobre-"
"384","0188_Settembre-"
"385","0189-43. In quali mesi ritiene che gli alveari patiscano la carenza di nettare?"
"386","0189_Agosto-"
"387","0189_Aprile-"
"388","0189_Dicembre-"
"389","0189_Febbraio-"
"390","0189_Gennaio-"
"391","0189_Giugno-"
"392","0189_Luglio-"
"393","0189_Maggio-"
"394","0189_Marzo-"
"395","0189_Novembre-"
"396","0189_Ottobre-"
"397","0189_Settembre-"
"398","0190-44. E' sua abitudine collocare trappole per il polline per verificare l'importazione pollinifera delle sue colonie?"
"399","0191-45. Se ha risposto sì, su che percentuale di alveari, rispetto al totale presente nel suo apiario/i?"
"400","0192-46. E' sua abitudine monitorare le condizioni di raccolta trofica e le condizioni microambientali delle sue famiglie di api, tramite datalogger, bilance od altro?"
"401","0193-46b. Che tipo di  strumenti utilizza per il monitoraggio?"
"402","0194-47. Quante bilance per ogni apiario? (0 se non le usa)"
"403","0195-48.0 Effettua nomadismo?"
"404","0196-48.a Effettua nomadismo per impollinazione?"
"405","0197-48.b Effettua nomadismo per raccolto?"
"406","0198-48.c Effettua nomadismo per evitare l'esposizione a pesticidi?"
"407","0199-48.d Effettua nomadismo per invernamento?"
"408","0200-49. Se il nomadismo è realizzato per l’invernamento delle api: che ambiente sceglie per l'invernamento?"
"409","0201-50. Distanza media dalla sede aziendale (Km) nel nomadismo (complessivo)"
"410","0202-51. Che distanza ritiene accettabile rispetto agli apiari altrui (dal punto di vista sanitario, del raccolto, per il rischio di saccheggio)?"
"411","0203-52. Ritiene che la normativa vigente sul nomadismo sia adeguata?"
"412","0204-53. TRA IL 1 APRILE 2018 E IL 1 APRILE 2019: Quante volte al mese ha monitorato i suoi apiari per la varroa? (Per esempio: maggio 3) [Aprile]"
"413","0205-53. TRA IL 1 APRILE 2018 E IL 1 APRILE 2019: Quante volte al mese ha monitorato i suoi apiari per la varroa? (Per esempio: maggio 3) [Maggio]"
"414","0206-53. TRA IL 1 APRILE 2018 E IL 1 APRILE 2019: Quante volte al mese ha monitorato i suoi apiari per la varroa? (Per esempio: maggio 3) [Giugno]"
"415","0207-53. TRA IL 1 APRILE 2018 E IL 1 APRILE 2019: Quante volte al mese ha monitorato i suoi apiari per la varroa? (Per esempio: maggio 3) [Luglio]"
"416","0208-53. TRA IL 1 APRILE 2018 E IL 1 APRILE 2019: Quante volte al mese ha monitorato i suoi apiari per la varroa? (Per esempio: maggio 3) [Agosto]"
"417","0209-53. TRA IL 1 APRILE 2018 E IL 1 APRILE 2019: Quante volte al mese ha monitorato i suoi apiari per la varroa? (Per esempio: maggio 3) [Settembre]"
"418","0210-53. TRA IL 1 APRILE 2018 E IL 1 APRILE 2019: Quante volte al mese ha monitorato i suoi apiari per la varroa? (Per esempio: maggio 3) [Ottobre]"
"419","0211-53. TRA IL 1 APRILE 2018 E IL 1 APRILE 2019: Quante volte al mese ha monitorato i suoi apiari per la varroa? (Per esempio: maggio 3) [Novembre]"
"420","0212-53. TRA IL 1 APRILE 2018 E IL 1 APRILE 2019: Quante volte al mese ha monitorato i suoi apiari per la varroa? (Per esempio: maggio 3) [Dicembre]"
"421","0213-53. TRA IL 1 APRILE 2018 E IL 1 APRILE 2019: Quante volte al mese ha monitorato i suoi apiari per la varroa? (Per esempio: maggio 3) [Gennaio]"
"422","0214-53. TRA IL 1 APRILE 2018 E IL 1 APRILE 2019: Quante volte al mese ha monitorato i suoi apiari per la varroa? (Per esempio: maggio 3) [Febbraio]"
"423","0215-53. TRA IL 1 APRILE 2018 E IL 1 APRILE 2019: Quante volte al mese ha monitorato i suoi apiari per la varroa? (Per esempio: maggio 3) [Marzo]"
"424","0216-54. TRA IL 1 APRILE 2018 E IL 1 APRILE 2019: Indichi tutte le tecniche che ha applicato per verificare la presenza di varroa nei suoi alveari:"
"425","0216_caduta dopo trattamenti e test a campione con principi attivi differenti-"
"426","0216_Ossalico gocciolato-"
"427","0216_Osservazione del cassettino diagnostico antivarroa-"
"428","0216_Ricerca in covata da fuco-"
"429","0216_ricerca in covata da operaia-"
"430","0216_Ricerca su api adulte-"
"431","0216_somministrazione di acido ossalico gocciolato-"
"432","0216_Telaino campero-"
"433","0216_ZAV (zucchero a velo)-"
"434","0217-54a. Dei progetti di ricerca hanno rilevato la presenza di varroa in alcuni suoi apiari?"
"435","0218-54.b Quali progetti di ricerca?"
"436","0219-55. TRA IL 1 APRILE 2018 E IL 1 APRILE 2019: su quante famiglie per apiario ha monitorato per la presenza di varroa?"
"437","0220-56. TRA IL 1 APRILE 2018 E IL 1 APRILE 2019: Quante volte al mese ha monitorato i suoi alveari per la presenza di Nosema spp? [Aprile]"
"438","0221-56. TRA IL 1 APRILE 2018 E IL 1 APRILE 2019: Quante volte al mese ha monitorato i suoi alveari per la presenza di Nosema spp? [Maggio]"
"439","0222-56. TRA IL 1 APRILE 2018 E IL 1 APRILE 2019: Quante volte al mese ha monitorato i suoi alveari per la presenza di Nosema spp? [Giugno]"
"440","0223-56. TRA IL 1 APRILE 2018 E IL 1 APRILE 2019: Quante volte al mese ha monitorato i suoi alveari per la presenza di Nosema spp? [Luglio]"
"441","0224-56. TRA IL 1 APRILE 2018 E IL 1 APRILE 2019: Quante volte al mese ha monitorato i suoi alveari per la presenza di Nosema spp? [Agosto]"
"442","0225-56. TRA IL 1 APRILE 2018 E IL 1 APRILE 2019: Quante volte al mese ha monitorato i suoi alveari per la presenza di Nosema spp? [Settembre]"
"443","0226-56. TRA IL 1 APRILE 2018 E IL 1 APRILE 2019: Quante volte al mese ha monitorato i suoi alveari per la presenza di Nosema spp? [Ottobre]"
"444","0227-56. TRA IL 1 APRILE 2018 E IL 1 APRILE 2019: Quante volte al mese ha monitorato i suoi alveari per la presenza di Nosema spp? [Novembre]"
"445","0228-56. TRA IL 1 APRILE 2018 E IL 1 APRILE 2019: Quante volte al mese ha monitorato i suoi alveari per la presenza di Nosema spp? [Dicembre]"
"446","0229-56. TRA IL 1 APRILE 2018 E IL 1 APRILE 2019: Quante volte al mese ha monitorato i suoi alveari per la presenza di Nosema spp? [Gennaio]"
"447","0230-56. TRA IL 1 APRILE 2018 E IL 1 APRILE 2019: Quante volte al mese ha monitorato i suoi alveari per la presenza di Nosema spp? [Febbraio]"
"448","0231-56. TRA IL 1 APRILE 2018 E IL 1 APRILE 2019: Quante volte al mese ha monitorato i suoi alveari per la presenza di Nosema spp? [Marzo]"
"449","0232-57. TRA IL 1 APRILE 2018 E IL 1 APRILE 2019: Indichi tutte le tecniche apistiche che ha applicato per verificare la presenza di nosemosi nei suoi alveari"
"450","0232_Campionamento di api adulte e ricerca delle spore autonomamente-"
"451","0232_nessuna-"
"452","0232_Ricerca di sintomi all'interno degli alveari o nei dintorni (per Nosema apis)-"
"453","0233-57.a Dei progetti di ricerca hanno verificato la presenza di nosemosi in suoi alveari?"
"454","0234-57.b Quali progetti di ricerca hanno verificato la presenza di nosemosi nei suoi alveari?"
"455","0235-58. TRA IL 1 APRILE 2018 E IL 1 APRILE 2019: Quante volte al mese ha monitorato i suoi alveari per la presenza di patologie della covata? [Aprile]"
"456","0236-58. TRA IL 1 APRILE 2018 E IL 1 APRILE 2019: Quante volte al mese ha monitorato i suoi alveari per la presenza di patologie della covata? [Maggio]"
"457","0237-58. TRA IL 1 APRILE 2018 E IL 1 APRILE 2019: Quante volte al mese ha monitorato i suoi alveari per la presenza di patologie della covata? [Giugno]"
"458","0238-58. TRA IL 1 APRILE 2018 E IL 1 APRILE 2019: Quante volte al mese ha monitorato i suoi alveari per la presenza di patologie della covata? [Luglio]"
"459","0239-58. TRA IL 1 APRILE 2018 E IL 1 APRILE 2019: Quante volte al mese ha monitorato i suoi alveari per la presenza di patologie della covata? [Agosto]"
"460","0240-58. TRA IL 1 APRILE 2018 E IL 1 APRILE 2019: Quante volte al mese ha monitorato i suoi alveari per la presenza di patologie della covata? [Settembre]"
"461","0241-58. TRA IL 1 APRILE 2018 E IL 1 APRILE 2019: Quante volte al mese ha monitorato i suoi alveari per la presenza di patologie della covata? [Ottobre]"
"462","0242-58. TRA IL 1 APRILE 2018 E IL 1 APRILE 2019: Quante volte al mese ha monitorato i suoi alveari per la presenza di patologie della covata? [Novembre]"
"463","0243-58. TRA IL 1 APRILE 2018 E IL 1 APRILE 2019: Quante volte al mese ha monitorato i suoi alveari per la presenza di patologie della covata? [Dicembre]"
"464","0244-58. TRA IL 1 APRILE 2018 E IL 1 APRILE 2019: Quante volte al mese ha monitorato i suoi alveari per la presenza di patologie della covata? [Gennaio]"
"465","0245-58. TRA IL 1 APRILE 2018 E IL 1 APRILE 2019: Quante volte al mese ha monitorato i suoi alveari per la presenza di patologie della covata? [Febbraio]"
"466","0246-58. TRA IL 1 APRILE 2018 E IL 1 APRILE 2019: Quante volte al mese ha monitorato i suoi alveari per la presenza di patologie della covata? [Marzo]"
"467","0247-59. TRA IL 1 APRILE 2018 E IL 1 APRILE 2019: Indichi tutte le tecniche apistiche che ha applicato per verificare la presenza di patologie della covata nei suoi alveari"
"468","0247_Controllo visivo-"
"469","0247_controllo visivo delle famiglie-"
"470","0247_Impiego di kit diagnostico AFB/EFB-"
"471","0247_impiego di trappole per il polline per la covata calcificata-"
"472","0247_Invio campioni presso laboratori di analisi-"
"473","0247_osservazione clinica della covata-"
"474","0247_osservazione della covata-"
"475","0247_Osservazione visiva-"
"476","0247_osservazione visiva per la covata calcificata-"
"477","0247_Prova dello stecchino-"
"478","0247_ricerca visiva di covata calcificata-"
"479","0247_sempre durante le visite-"
"480","0247_undrebasket collocate davanti agli alveari-"
"481","0247_valutazione visiva-"
"482","0247_visita-"
"483","0247_Visita alveari, ricerca sintomatologia clinica-"
"484","0247_visita ogni volta che apro gli alveari-"
"485","0248-59a. Dei progetti di ricerca hanno verificato la presenza di patologie della covata nei suoi alveari?"
"486","0249-59b. Quali progetti di ricerca hanno verificato la presenza di patologie della covata nei suoi alveari?"
"487","0250-60.1 Ha effettuato trattamenti contro la varroa?"
"488","0251-60.1 Ha utilizzato prodotti a base di Amitraz?"
"489","0252-60.1.1 Ha utilizzato prodotti autorizzati?"
"490","0253-60.1.1.1 Quali prodotti ha utilizzato?"
"491","0253_Apitraz-"
"492","0253_Apivar-"
"493","0254-60.1.1.1b Ha effettuato il trattamento in concomitanza con la somministrazione di altro farmaco?"
"494","0255-60.1.1.2 Ha effettuato i trattamenti in assenza di covata?"
"495","0256-60.1.1.3 In quali mesi è stato utilizzato?"
"496","0256_Agosto (anno scorso)-"
"497","0256_Luglio (anno scorso)-"
"498","0256_Novembre (anno scorso)-"
"499","0256_Ottobre (anno scorso)-"
"500","0256_Settembre (anno scorso)-"
"501","0257-60.1.1.4 Su che percentuale di colonie?"
"502","0258-60.1.1.5 Che dose è stata somministrata (numero di strisce)?"
"503","0259-60.1.1.6 Quante applicazioni per colonia?"
"504","0260-60.1.1.7 Quanto è durata l'applicazione?"
"505","0261-60.1.1.8 Motivo dell'impiego"
"506","0262-60.1.1.9 Ha utilizzato anche formulazioni non autorizzate?"
"507","0263-60.1.1.1 Quali prodotti ha utilizzato?_1"
"508","0264-60.1.1.1b Ha effettuato il trattamento in concomitanza con la somministrazione di altro farmaco?_1"
"509","0265-60.1.1.2 Ha effettuato i trattamenti in assenza di covata?_1"
"510","0266-60.1.1.3 In quali mesi è stato utilizzato?_1"
"511","0267-60.1.1.4 Su che percentuale di colonie?_1"
"512","0268-60.1.1.5 Che dose è stata somministrata (mg)?"
"513","0269-60.1.1.6 Quante applicazioni per colonia?_1"
"514","0270-60.1.1.7 Quanto è durata l'applicazione?_1"
"515","0271-60.1.1.8 Motivo dell'impiego_1"
"516","0272-60.1 Ha utilizzato prodotti a base di Fluvalinate?"
"517","0273-60.1.1.1 Quali prodotti ha utilizzato?_2"
"518","0274-60.1.1.1b Ha effettuato il trattamento in concomitanza con la somministrazione di altro farmaco?_2"
"519","0275-60.1.1.2 Ha effettuato i trattamenti in assenza di covata?_2"
"520","0276-60.1.1.3 In quali mesi è stato utilizzato?_2"
"521","0277-60.1.1.4 Su che percentuale di colonie?_2"
"522","0278-60.1.1.5 Che dose è stata somministrata (mg)?_1"
"523","0279-60.1.1.6 Quante applicazioni per colonia?_2"
"524","0280-60.1.1.7 Quanto è durata l'applicazione?_2"
"525","0281-60.1.1.8 Motivo dell'impiego_2"
"526","0282-60.1 Ha utilizzato prodotti a base di Flumetrina?"
"527","0283-60.1.1.1 Quali prodotti ha utilizzato?_3"
"528","0284-60.1.1.1b Ha effettuato il trattamento in concomitanza con la somministrazione di altro farmaco?_3"
"529","0285-60.1.1.2 Ha effettuato i trattamenti in assenza di covata?_3"
"530","0286-60.1.1.3 In quali mesi è stato utilizzato?_3"
"531","0287-60.1.1.4 Su che percentuale di colonie?_3"
"532","0288-60.1.1.5 Che dose è stata somministrata (mg)?_2"
"533","0289-60.1.1.6 Quante applicazioni per colonia?_3"
"534","0290-60.1.1.7 Quanto è durata l'applicazione?_3"
"535","0291-60.1.1.8 Motivo dell'impiego_3"
"536","0292-60.1 Ha utilizzato prodotti a base di altri acaricidi di sintesi?"
"537","0293-60.1.1.1 Quali prodotti ha utilizzato?_4"
"538","0294-60.1.1.1b Ha effettuato il trattamento in concomitanza con la somministrazione di altro farmaco?_4"
"539","0295-60.1.1.2 Ha effettuato i trattamenti in assenza di covata?_4"
"540","0296-60.1.1.3 In quali mesi è stato utilizzato?_4"
"541","0297-60.1.1.4 Su che percentuale di colonie?_4"
"542","0298-60.1.1.5 Che dose è stata somministrata (mg)?_3"
"543","0299-60.1.1.6 Quante applicazioni per colonia?_4"
"544","0300-60.1.1.7 Quanto è durata l'applicazione?_4"
"545","0301-60.1.1.8 Motivo dell'impiego_4"
"546","0302-60.1 Ha utilizzato prodotti a base di timolo?"
"547","0303-60.1.1.1 Quali prodotti ha utilizzato?_5"
"548","0304-60.1.1.1b Ha effettuato il trattamento in concomitanza con la somministrazione di altro farmaco?_5"
"549","0305-60.1.1.2 Ha effettuato i trattamenti in assenza di covata?_5"
"550","0306-60.1.1.3 In quali mesi è stato utilizzato?_5"
"551","0306_Agosto (anno scorso)-"
"552","0306_Luglio (anno scorso)-"
"553","0306_Novembre (anno scorso)-"
"554","0306_Settembre (anno scorso)-"
"555","0307-60.1.1.4 Su che percentuale di colonie?_5"
"556","0308-60.1.1.5 Che dose è stata somministrata (mg)?_4"
"557","0309-60.1.1.6 Quante applicazioni per colonia?_5"
"558","0310-60.1.1.7 Quanto è durata l'applicazione?_5"
"559","0311-60.1.1.8 Motivo dell'impiego_5"
"560","0312-60.1 Ha utilizzato prodotti a base di Acido Ossalico (incluso Varromed)?"
"561","0313-60.1 Ha utilizzato prodotti a base di Acido Ossalico - spruzzati?"
"562","0314-60.1.1.1 Quali prodotti ha utilizzato?_6"
"563","0315-60.1.1.2 Ha effettuato i trattamenti in assenza di covata?_6"
"564","0316-60.1.1.3 In quali mesi è stato utilizzato?_6"
"565","0316_Agosto (anno scorso)-"
"566","0316_Aprile (anno scorso)-"
"567","0316_Giugno (anno scorso)-"
"568","0316_Luglio (anno scorso)-"
"569","0316_Maggio (anno scorso)-"
"570","0317-60.1.1.4 Su che percentuale di colonie?_6"
"571","0318-60.1.1.5 Che dose è stata somministrata (mg)?_5"
"572","0319-60.1.1.6 Quante applicazioni per colonia?_6"
"573","0320-60.1.1.8 Motivo dell'impiego_6"
"574","0321-60.1 Ha utilizzato prodotti a base di Acido Ossalico - gocciolati (escluso  Varromed)?"
"575","0322-60.1.1.1 Quali prodotti ha utilizzato?_7"
"576","0323-60.1.1.1b Ha effettuato il trattamento in concomitanza con la somministrazione di altro farmaco?_6"
"577","0324-60.1.1.2 Ha effettuato i trattamenti in assenza di covata?_7"
"578","0325-60.1.1.3 In quali mesi è stato utilizzato?_7"
"579","0325_Agosto (anno scorso)-"
"580","0325_Aprile (anno scorso)-"
"581","0325_Dicembre (anno scorso)-"
"582","0325_Febbraio  (anno in corso)-"
"583","0325_Gennaio (anno in corso)-"
"584","0325_Giugno (anno scorso)-"
"585","0325_Luglio (anno scorso)-"
"586","0325_Maggio (anno scorso)-"
"587","0325_Marzo  (anno in corso)-"
"588","0325_Novembre (anno scorso)-"
"589","0325_Ottobre (anno scorso)-"
"590","0325_Settembre (anno scorso)-"
"591","0326-60.1.1.4 Su che percentuale di colonie?_7"
"592","0327-60.1.1.5 Che dose è stata somministrata (mg)?_6"
"593","0328-60.1.1.6 Quante applicazioni per colonia?_7"
"594","0329-60.1.1.8 Motivo dell'impiego_7"
"595","0330-60.1 Ha utilizzato prodotti a base di Acido Ossalico - gocciolati (escluso  Varromed)? - altri o in altro modo?"
"596","0331-60.1.1.1 Quali prodotti ha utilizzato?_8"
"597","0332-60.1.1.1b Ha effettuato il trattamento in concomitanza con la somministrazione di altro farmaco?_7"
"598","0333-60.1.1.2 Ha effettuato i trattamenti in assenza di covata?_8"
"599","0334-60.1.1.3 In quali mesi è stato utilizzato?_8"
"600","0335-60.1.1.4 Su che percentuale di colonie?_8"
"601","0336-60.1.1.5 Che dose è stata somministrata (mg)?_7"
"602","0337-60.1.1.6 Quante applicazioni per colonia?_8"
"603","0338-60.1.1.8 Motivo dell'impiego_8"
"604","0339-60.1 Ha utilizzato prodotti a base di Acido Ossalico - sublimato?"
"605","0340-60.1.1.1 Quali prodotti ha utilizzato?_9"
"606","0341-60.1.1.1b Ha effettuato il trattamento in concomitanza con la somministrazione di altro farmaco?_8"
"607","0342-60.1.1.2 Ha effettuato i trattamenti in assenza di covata?_9"
"608","0343-60.1.1.3 In quali mesi è stato utilizzato?_9"
"609","0343_Agosto (anno scorso)-"
"610","0343_Aprile (anno scorso)-"
"611","0343_Dicembre (anno scorso)-"
"612","0343_Febbraio  (anno in corso)-"
"613","0343_Gennaio (anno in corso)-"
"614","0343_Giugno (anno scorso)-"
"615","0343_Luglio (anno scorso)-"
"616","0343_Maggio (anno scorso)-"
"617","0343_Marzo  (anno in corso)-"
"618","0343_Novembre (anno scorso)-"
"619","0343_Ottobre (anno scorso)-"
"620","0344-60.1.1.4 Su che percentuale di colonie?_9"
"621","0345-60.1.1.5 Che dose è stata somministrata (mg)?_8"
"622","0346-60.1.1.6 Quante applicazioni per colonia?_9"
"623","0347-60.1.1.8 Motivo dell'impiego_9"
"624","0348-60.1 Ha utilizzato prodotti a base di Acido Ossalico - sublimato (in altri periodi o modalità)?"
"625","0349-60.1.1.1 Quali prodotti ha utilizzato?_10"
"626","0350-60.1.1.1b Ha effettuato il trattamento in concomitanza con la somministrazione di altro farmaco?_9"
"627","0351-60.1.1.2 Ha effettuato i trattamenti in assenza di covata?_10"
"628","0352-60.1.1.3 In quali mesi è stato utilizzato?_10"
"629","0353-60.1.1.4 Su che percentuale di colonie?_10"
"630","0354-60.1.1.5 Che dose è stata somministrata (mg)?_9"
"631","0355-60.1.1.6 Quante applicazioni per colonia?_10"
"632","0356-60.1.1.8 Motivo dell'impiego_10"
"633","0357-60.1 Ha utilizzato prodotti a base di Acido Ossalico - in strisce?"
"634","0358-60.1.1.1 Quali prodotti ha utilizzato?_11"
"635","0359-60.1.1.1b Ha effettuato il trattamento in concomitanza con la somministrazione di altro farmaco?_10"
"636","0360-60.1.1.2 Ha effettuato i trattamenti in assenza di covata?_11"
"637","0361-60.1.1.3 In quali mesi è stato utilizzato?_11"
"638","0361_Dicembre (anno scorso)-"
"639","0361_Novembre (anno scorso)-"
"640","0362-60.1.1.4 Su che percentuale di colonie?_11"
"641","0363-60.1.1.5 Che dose è stata somministrata (mg)?_10"
"642","0364-60.1.1.6 Quante applicazioni per colonia?_11"
"643","0365-60.1.1.7 Quanto è durata l'applicazione?_6"
"644","0366-60.1.1.8 Motivo dell'impiego_11"
"645","0367-60.1 Ha utilizzato Varromed?"
"646","0368-60.1.1.1b Ha effettuato il trattamento in concomitanza con la somministrazione di altro farmaco?_11"
"647","0369-60.1.1.2 Ha effettuato i trattamenti in assenza di covata?_12"
"648","0370-60.1.1.3 In quali mesi è stato utilizzato?_12"
"649","0370_Aprile (anno scorso)-"
"650","0370_Giugno (anno scorso)-"
"651","0370_Luglio (anno scorso)-"
"652","0370_Settembre (anno scorso)-"
"653","0371-60.1.1.4 Su che percentuale di colonie?_12"
"654","0372-60.1.1.5 Che dose è stata somministrata (ml)?"
"655","0373-60.1.1.6 Quante applicazioni per colonia?_12"
"656","0374-60.1.1.8 Motivo dell'impiego_12"
"657","0375-60.1 Ha utilizzato prodotti a base di Acido Formico (escluso il Varromed)?"
"658","0376-60.1 Ha utilizzato Maqs?"
"659","0377-60.1.1.1b Ha effettuato il trattamento in concomitanza con la somministrazione di altro farmaco?_12"
"660","0378-60.1.1.2 Ha effettuato i trattamenti in assenza di covata?_13"
"661","0379-60.1.1.3 In quali mesi è stato utilizzato?_13"
"662","0379_Agosto (anno scorso)-"
"663","0379_Giugno (anno scorso)-"
"664","0379_Luglio (anno scorso)-"
"665","0379_Maggio (anno scorso)-"
"666","0380-60.1.1.4 Su che percentuale di colonie?_13"
"667","0381-60.1.1.5 Che dose è stata somministrata (strisce)?"
"668","0382-60.1.1.6 Quante applicazioni per colonia?_13"
"669","0383-60.1.1.8 Motivo dell'impiego_13"
"670","0384-60.1 Ha utilizzato Varterminator?"
"671","0385-60.1.1.1b Ha effettuato il trattamento in concomitanza con la somministrazione di altro farmaco?_13"
"672","0386-60.1.1.2 Ha effettuato i trattamenti in assenza di covata?_14"
"673","0387-60.1.1.3 In quali mesi è stato utilizzato?_14"
"674","0388-60.1.1.4 Su che percentuale di colonie?_14"
"675","0389-60.1.1.5 Che dose è stata somministrata (supporti)?"
"676","0390-60.1.1.6 Quante applicazioni per colonia?_14"
"677","0391-60.1.1.8 Motivo dell'impiego_14"
"678","0392-60.1 Ha utilizzato acido formico liquido?"
"679","0393-60.1.1.1 Quale prodotto ha utilizzato?"
"680","0394-60.1.1.1.1 Quale erogatore ha utilizzato?"
"681","0395-60.1.1.1b Ha effettuato il trattamento in concomitanza con la somministrazione di altro farmaco?_14"
"682","0396-60.1.1.2 Ha effettuato i trattamenti in assenza di covata?_15"
"683","0397-60.1.1.3 In quali mesi è stato utilizzato?_15"
"684","0397_Agosto (anno scorso)-"
"685","0397_Giugno (anno scorso)-"
"686","0397_Luglio (anno scorso)-"
"687","0397_Settembre (anno scorso)-"
"688","0398-60.1.1.4 Su che percentuale di colonie?_15"
"689","0399-60.1.1.5 Che dose è stata somministrata (ml)?_1"
"690","0400-60.1.1.6 Quante applicazioni per colonia?_15"
"691","0401-60.1.1.7 Quanto è durata l'applicazione?_7"
"692","0402-60.1.1.8 Motivo dell'impiego_15"
"693","0403-Ha utilizzato anche una seconda modalità di somministrazione di acido formico liquido?"
"694","0404-60.1.1.1 Quale prodotto ha utilizzato?_1"
"695","0405-60.1.1.1.1 Quale erogatore ha utilizzato?_1"
"696","0406-60.1.1.1b Ha effettuato il trattamento in concomitanza con la somministrazione di altro farmaco?_15"
"697","0407-60.1.1.2 Ha effettuato i trattamenti in assenza di covata?_16"
"698","0408-60.1.1.3 In quali mesi è stato utilizzato?_16"
"699","0409-60.1.1.4 Su che percentuale di colonie?_16"
"700","0410-60.1.1.5 Che dose è stata somministrata (ml)?_2"
"701","0411-60.1.1.6 Quante applicazioni per colonia?_16"
"702","0412-60.1.1.7 Quanto è durata l'applicazione?_8"
"703","0413-60.1.1.8 Motivo dell'impiego_16"
"704","0414-60.1 Ha utilizzato prodotti a base di altri acaricidi naturali?"
"705","0415-60.1.1.1 Quale prodotto ha utilizzato?_2"
"706","0416-60.1.1.1b Ha effettuato il trattamento in concomitanza con la somministrazione di altro farmaco?_16"
"707","0417-60.1.1.2 Ha effettuato i trattamenti in assenza di covata?_17"
"708","0418-60.1.1.3 In quali mesi è stato utilizzato?_17"
"709","0419-60.1.1.4 Su che percentuale di colonie?_17"
"710","0420-60.1.1.5 Che dose è stata somministrata (mg)?_11"
"711","0421-60.1.1.6 Quante applicazioni per colonia?_17"
"712","0422-60.1.1.7 Quanto è durata l'applicazione?_9"
"713","0423-60.1.1.8 Motivo dell'impiego_17"
"714","0424-61. TRA IL 1 APRILE 2018 E IL 31 marzo 2019: Ha effettuato trattamenti contro il nosema? Se sì, indichi di seguito quali:"
"715","0425-62. TRA IL 1 APRILE 2018 E IL 31 MARZO 2019: Ha effettuato trattamenti contro patologie della covata? Se sì, indichi di seguito quali:"
"716","0426-63.1 TRA IL 1 APRILE 2018 E IL 1 APRILE 2019: Ha usato effettuato la rimozione della covata da fuco"
"717","0427-63.1.1 Rimozione della covata da fuco: quante volte durante l'anno?"
"718","0428-63.1.2 Rimozione della covata da fuco: su che percentuale di colonie?"
"719","0429-63.1.3 Quanta covata da fuco rimuovo ogni volta? (scegliere una sola opzione)"
"720","0430-63.2 Impiega ceppi di api resistenti alla varroa?"
"721","0431-63.3 Realizza la asportazione totale della covata: su che % di colonie rispetto al totale aziendale? (Se non la realizza: 0%)"
"722","0432-63.4 Realizza la asportazione parziale della covata per la creazione di nuclei: su che % di colonie rispetto al totale aziendale? (Se non la realizza: 0%)"
"723","0433-63.5 Realizza l'ingabbiamento estivo della regina: su che % di colonie rispetto al totale aziendale? (Se non lo realizza: 0%)"
"724","0434-63.6 Realizza l'ingabbiamento invernale della regina: su che % di colonie rispetto al totale aziendale? (Se non la realizza: 0%)"
"725","0435-64. Che età avevano, al 1 ottobre 2018, le regine della maggioranza delle famiglie (>50%) in suo possesso (scegliere una sola opzione)"
"726","0436-65. Generalmente ogni quanto sostituisce le regine delle sue famiglie? (scegliere una sola opzione)"
"727","0437-66. Che percentuale di regine ha cambiato lo scorso anno?"
"728","0438-67. Se introdotte, da dove prende la maggioranza delle regine (>50%)? Selezioni tutte le opzioni che ritiene necessarie"
"729","0438_acquisto solo celle reali da allevatori-"
"730","0438_Da allevatori di api regine-"
"731","0438_Le allevo io-"
"732","0438_sostituzione naturale delle api regine (20%) nel periodo agosto-settembre-"
"733","0439-68.1 Ha riscontrato problematiche di mortalità  anomala sulle api regine nella trascorsa stagione apistica? (% -  se non riscontrato= 0%)"
"734","0440-68.2 Ha riscontrato problematiche di deformità delle api regine nella trascorsa stagione apistica? (% -  se non riscontrato= 0%)"
"735","0441-68.3 Ha riscontrato problematiche di mancata accettazione delle api regine nella trascorsa stagione apistica? (% -  se non riscontrato= 0%)"
"736","0442-68.4 Ha riscontrato altre problematiche delle api regine nella trascorsa stagione apistica?"
"737","0443-68.4bis In che percentuale di api regine ha riscontrato altre problematiche nella trascorsa stagione apistica?"
"738","0444-69.a In che tipologia di arnie alleva le sue api?"
"739","0444_Arnia DuCa-"
"740","0444_Dadand Blatt da 12-"
"741","0444_Dadant Blatt DB da 10 (DB 10)-"
"742","0444_DB 12-"
"743","0444_DB 6-"
"744","0444_DB8-"
"745","0444_Portasciami in polistirolo-"
"746","0445-69.b Quando inserisce un nuovo telaino, che tipo di foglio cereo impiega? Selezioni tutte le opzioniche ritiene necessarie"
"747","0445_Foglio cereo da opercolo, esenti da residui-"
"748","0445_Foglio cereo di cera acquistata-"
"749","0445_Foglio cereo di cera acquistata, certificata bio-"
"750","0445_Foglio cereo di cera propria-"
"751","0445_Telaino senza cera-"
"752","0446-70. Invernamento 2018-2019: quali tra queste tecniche ha impiegato per preparare all'inverno le api? Selezioni tutte le opzioni che ritiene necessarie"
"753","0446_Dispongo del materiale isolante intorno alle arnie-"
"754","0446_Dispongo extra isolante sulla parte superiore delle arnie-"
"755","0446_inverno nei polistirolo-"
"756","0446_Livello le famiglie-"
"757","0446_Non preparo le famiglie all'invernamento-"
"758","0446_Riduco le porticine di ingresso-"
"759","0446_Sposto le colonie verso zone più calde-"
"760","0446_stringo-"
"761","0446_stringo il nido-"
"762","0446_stringo le famiglie-"
"763","0446_Stringo le famiglie-"
"764","0446_Stringo le famiglie con il diaframma-"
"765","0446_stringo le famiglie su 6-8 telaini impiegando un nutritore o diaframma-"
"766","0446_stringo le famiglie su meno favi possibili-"
"767","0446_Stringo le famiglie su sei telaini, con abbondanti scorte di miele di edera, senza bisogno di nutrire artificialmente-"
"768","0446_stringo le famiglie sul numero di telaini coperti da api-"
"769","0446_Stringo su pochi favi-"
"770","0446_Unisco le più deboli-"
"771","0446_vassoio sotto-"
"772","0447-71. Mediamente, quanto sono vecchi i favi dei suoi alveari? (scelga una sola opzione)"
"773","0448-72. L'anno passato (2018): quanti telaini di media ha sostituito per ogni alveare? (scelga una sola opzione)"
"774","0449-73. L'anno passato (2018): come ha trattato i telaini vecchi che aveva allontanato dagli alveari?(scelga una sola opzione)"
"775","0450-74. Quando riscontra una colonia morta nel suo alveare (fatta eccezione se affetta da peste americana), come interviene? (scelga una sola opzione)"
"776","0451-75.a Crea nuove famiglie di api?"
"777","0452-75.a.1 Come crea nuove famiglie di api? Selezioni tutte le opzioni che ritiene necessarie"
"778","0452_acquisto-"
"779","0452_Catturo sciami-"
"780","0452_Creo sciami artificiali prelevando api nude (pacchi d'ape)-"
"781","0452_Creo sciami artificiali prelevando favi di covata e api da colonie forti-"
"782","0453-75b. Acquista nuove famiglie/nuclei/covata/pacchi di api?"
"783","0454-75b.1 Che tipo di materiale vivo (eccetto regine) acquista? Selezioni tutte le opzioni che ritiene necessarie"
"784","0455-75b.2 Da dove acquista il materiale vivo (eccetto regine)?"
"785","0456-76. Del tempo trascorso ad occuparsi degli alveari, che % ritiene sia impiegata nelle seguenti attività?    - Trasferimenti da e verso gli apiari"
"786","0457-- Alimentazione gli alveari"
"787","0458-- Produzione di miele"
"788","0459-- Visite agli alveari (Prevenzione della sciamatura…)"
"789","0460-- Monitoraggio dei patogeni (varroa, pesti...)"
"790","0461--  Trattamenti acaricidi"
"791","0462-- Tecniche di controllo dei parassiti (rimozione di covata da fuco, etc.)"
"792","0463-- Preparazione primaverile degli alveari alla produzione (rinforzo, bilanciamento, unione di famiglie)"
"793","0464-- Tempo impiegato in altre attività apistiche (specificare)"
"794","0465-77. A quanto ammonta la spesa da lei sostenuta per l'acquisto del gasolio (esprimere come % del fatturato complessivo annuo dell’azienda)?"
"795","0466-78. A quanto ammonta la spesa da lei sostenuta per l'acquisto dei farmaci antivarroa (esprimere come % del fatturato complessivo annuo dell’azienda)?"
"796","0467-79. Che percentuale del suo reddito deriva dalla sua attività apistica?"
"797","0468-80. Sesso (Maschio/Femmina)"
"798","0469-81. Età"
"799","0470-82. Da quanti anni gestisce alveari?"
"800","0471-83. Come ha appreso le basi dell'apicoltura? (selezioni tutte le opzioni desiderate)"
"801","0471_Autodidatta-"
"802","0471_Da un altro apicoltore-"
"803","0471_Famiglia-"
"804","0471_famigliari-"
"805","0471_formazione UNAAPI-"
"806","0471_Ho seguito corsi di apicoltura-"
"807","0471_riviste-"
"808","0471_UNIVERSITA'-"
"809","0472-84. Su quali aspetti aziendali desidererebbe ricevere assistenza tecnica?"
"810","0473-85. Quale sono state le difficoltà che hanno ostacolato la sua gestione apistica? Ne scelga tre"
"811","0473_Api aggressive, che sciamano od altri comportamenti inaspettati-"
"812","0473_clima avverso-"
"813","0473_Costo delle attrezzature apistiche-"
"814","0473_Difficoltà decisionali nel quando e come alimentare gli alveari-"
"815","0473_Difficoltà decisionali nel quando e come trattare gli alveari contro la varroa-"
"816","0473_Gestione umidità del miele-"
"817","0473_La disponibilità di foraggio nettarifero e/o pollinifero nell'ambiente-"
"818","0473_logistica per raggiungere gli apiari-"
"819","0473_meteo-"
"820","0473_Mortalità o spopolamento di alveari-"
"821","0473_Pesticidi-"
"822","0474-86. Ha raccolto miele nel periodo 1 aprile 2018- 1 aprile 2019?"
"823","0475-87. Produzione media di miele per alveare in produzione (Kg)"
"824","0476-88. Durante quali mesi ha raccolto miele dai suoi alveari?"
"825","0476_Agosto 18-"
"826","0476_Aprile 18-"
"827","0476_Giugno 18-"
"828","0476_Luglio 18-"
"829","0476_Maggio 18-"
"830","0476_Ottobre 18-"
"831","0476_Settembre 18-"
"832","0477-89. Come è stato il raccolto di miele rispetto alla annualità precedente ( 1 aprile 2017- 1 aprile 2018)? Specificare per quale tipo di miele o mese di raccolto [Primo raccolto]"
"833","0478-89. Come è stato il raccolto di miele rispetto alla annualità precedente ( 1 aprile 2017- 1 aprile 2018)? Specificare per quale tipo di miele o mese di raccolto [Secondo  raccolto]"
"834","0479-89. Come è stato il raccolto di miele rispetto alla annualità precedente ( 1 aprile 2017- 1 aprile 2018)? Specificare per quale tipo di miele o mese di raccolto [Terzo raccolto]"
"835","0480-89. Come è stato il raccolto di miele rispetto alla annualità precedente ( 1 aprile 2017- 1 aprile 2018)? Specificare per quale tipo di miele o mese di raccolto [Quarto raccolto]"
"836","0481-89. Come è stato il raccolto di miele rispetto alla annualità precedente ( 1 aprile 2017- 1 aprile 2018)? Specificare per quale tipo di miele o mese di raccolto [Quinto raccolto]"
"837","0482-90. Ha usato alcuni dei suoi alveari per l'impollinazione di coltivazioni agricole?"
"838","0483-91. Se sì, ottiene un compenso per il servizio di impollinazione fornito?"
"839","0484-X484"
"840","0484_Impollinazione-"
"841","0484_Invernamento-"
"842","0484_Raccolto-"
"843","cMinv"
"844","cMest"
